MAHDOUDE,AQUIFER,LOCATION,XUTM,YUTM,ZONEUTM,X,Y,LEVEL_MSL,LEVEL_SRTM
ازغند,ازغند,اول جاده گلستان,663811,3900413,40,58.8,35.23,1219,1219
ازغند,ازغند,جاده نای,657193,3900365,40,58.73,35.23,1185,1185
ازغند,ازغند,جاده چنار,672794,3900574,40,58.9,35.23,1261,1261
ازغند,ازغند,جردوی,646336,3897986,40,58.61,35.21,1109,1109
ازغند,ازغند,خوشدره,675883,3896858,40,58.93,35.2,1207,1207
ازغند,ازغند,زرمهر,681875,3899783,40,59,35.22,1267,1267
ازغند,ازغند,سلطان آباد,668370,3899247,40,58.85,35.22,1260,1260
ازغند,ازغند,شمال شادمهر,686603,3895977,40,59.05,35.19,1236,1236
بجستان یونسی,بجستان,اکبر آباد,599173,3823656,40,58.08,34.55,1127,1127
بجستان یونسی,بجستان,تقاطع راه آهن و جاده,611605,3830254,40,58.22,34.61,1065,1065
بجستان یونسی,بجستان,جاده فخرآباد - شماره 1,605512,3826402,40,58.15,34.57,1104,1104
بجستان یونسی,بجستان,راه مطرآباد,605077,3819998,40,58.14,34.52,1229,1229
بجستان یونسی,بجستان,شمال شرقی بجستان,611353,3823471,40,58.21,34.55,1201,1201
بجستان یونسی,بجستان,شمال غربی رضاییه,610305,3815685,40,58.2,34.48,1356,1356
بجستان یونسی,قاسم آباد,غرب مرندیز جدید,619000,3848676,40,58.3,34.77,837,837
بجستان یونسی,یونسی,بین سردق و مرندیز,608033,3849840,40,58.18,34.79,816,816
بجستان یونسی,یونسی,بین فخرآباد و سردق,598395,3847735,40,58.08,34.77,812,812
بجستان یونسی,یونسی,جاده سردق,605361,3844165,40,58.15,34.73,849,849
بجستان یونسی,یونسی,جاده فخرآباد - شماره 2,603925,3833479,40,58.13,34.64,983,983
بجستان یونسی,یونسی,جاده فخرآباد - شماره 3,598091,3841256,40,58.07,34.71,840,840
بجستان یونسی,یونسی,جنوب غربی یونسی,628134,3851084,40,58.4,34.79,824,824
بجستان یونسی,یونسی,جنوب قاسم آباد 1,572797,3816382,40,57.79,34.49,877,877
بجستان یونسی,یونسی,جنوب قاسم آباد 2,567850,3812200,40,57.74,34.45,842,842
بجستان یونسی,یونسی,حوض حاجی میرک,566119,3804036,40,57.72,34.38,866,866
بجستان یونسی,یونسی,حوض عباس,556100,3801350,40,57.61,34.35,843,843
بجستان یونسی,یونسی,ذبیح آباد,584257,3839053,40,57.92,34.69,821,821
بجستان یونسی,یونسی,شمال قاسم آباد,579116,3822427,40,57.86,34.54,928,928
بجستان یونسی,یونسی,شمال چاه مرادی,594644,3835805,40,58.03,34.66,865,865
بجستان یونسی,یونسی,شمال چاه نو,560144,3797238,40,57.65,34.31,869,869
بجستان یونسی,یونسی,شمال کجه,570572,3794096,40,57.77,34.29,928,928
بجستان یونسی,یونسی,غرب قاسم آباد,570265,3824647,40,57.77,34.56,824,824
بجستان یونسی,یونسی,غرب مرندیز,618087,3848513,40,58.29,34.77,835,835
بجستان یونسی,یونسی,منصوری,590671,3843601,40,57.99,34.73,812,812
بجستان یونسی,یونسی,نرسیده به ابوالخازن,588250,3798300,40,57.96,34.32,1176,1176
بجستان یونسی,یونسی,نزدیک شوکت فدایی,572190,3805570,40,57.79,34.39,895,895
بجستان یونسی,یونسی,چاه سرخ,579260,3835285,40,57.86,34.66,844,844
بجستان یونسی,یونسی,چاه سوراخ,583882,3831398,40,57.92,34.62,933,933
بجستان یونسی,یونسی,چاه قدیم رضایی,582600,3794600,40,57.9,34.29,1073,1073
بجستان یونسی,یونسی,چاه پالیز,610357,3838949,40,58.2,34.69,921,921
بجستان یونسی,یونسی,گز راسته,582700,3804050,40,57.9,34.37,1081,1081
بردسکن,بردسکن,انابد,575180,3901313,40,57.83,35.25,916,916
بردسکن,بردسکن,باب الحکم,582408,3900307,40,57.91,35.24,927,927
بردسکن,بردسکن,بردسکن,586702,3901349,40,57.95,35.25,953,953
بردسکن,بردسکن,حسن آباد - زنگینه,582594,3887739,40,57.91,35.13,868,868
بردسکن,بردسکن,حطیطه,581067,3894360,40,57.89,35.19,875,875
بردسکن,بردسکن,خرم آباد,585023,3891232,40,57.93,35.16,881,881
بردسکن,بردسکن,داوطلب,561750,3895750,40,57.68,35.2,906,906
بردسکن,بردسکن,رکن آباد,595768,3887394,40,58.05,35.12,910,910
بردسکن,بردسکن,سیف آباد,590865,3895784,40,58,35.2,914,914
بردسکن,بردسکن,شرکت صبا,557000,3884250,40,57.63,35.1,840,840
بردسکن,بردسکن,شفیع آباد,595259,3901886,40,58.05,35.26,978,978
بردسکن,بردسکن,شمال چاه غضنفر,560250,3887596,40,57.66,35.13,858,858
بردسکن,بردسکن,ظاهر آباد,588705,3888704,40,57.97,35.14,888,888
بردسکن,بردسکن,عظیم آباد,599979,3892819,40,58.1,35.17,933,933
بردسکن,بردسکن,چاه سیمانی - بلبل,568165,3891763,40,57.75,35.17,853,853
بردسکن,بردسکن,چناران,600923,3902718,40,58.11,35.26,1001,1001
بردسکن,بردسکن,کندر,603274,3898703,40,58.13,35.23,974,974
بردسکن,بردسکن,یحیی آباد,572644,3892808,40,57.8,35.18,855,855
تایباد,تایباد,ارزنچه علیا,300205,3857717,41,60.81,34.84,794,794
تایباد,تایباد,اسدآباددربند,295700,3841400,41,60.77,34.69,817,817
تایباد,تایباد,اسدآباددربند - 2,295742,3840757,41,60.77,34.69,819,819
تایباد,تایباد,اسدآباددربند - 3,293767,3841433,41,60.75,34.69,831,831
تایباد,تایباد,اقابیک,308576,3863694,41,60.91,34.9,774,774
تایباد,تایباد,اول جاده قمی,299876,3845833,41,60.81,34.74,781,781
تایباد,تایباد,اکتشافی پل بند,276727,3860097,41,60.56,34.86,1006,1006
تایباد,تایباد,اکتشافی کاریز,312548,3856420,41,60.95,34.83,739,739
تایباد,تایباد,بین چهاربرجی وتایباد,290942,3845767,41,60.72,34.73,861,861
تایباد,تایباد,بین چهاربرجی ومشهدریزه,279093,3849425,41,60.59,34.76,1000,1000
تایباد,تایباد,جاده دوقارون پارکینگ,306795,3844557,41,60.89,34.72,740,740
تایباد,تایباد,جاده ریزه-رجبعلی زاده,286001,3855447,41,60.66,34.82,916,916
تایباد,تایباد,جعفر آباد,312665,3852676,41,60.95,34.8,731,731
تایباد,تایباد,دو مرزی دو غارون,320165,3852865,41,61.03,34.8,710,710
تایباد,تایباد,دینوخان,313835,3858747,41,60.96,34.85,737,737
تایباد,تایباد,روستای حاجی آباد,302820,3840700,41,60.85,34.69,767,767
تایباد,تایباد,سعد آباد,307547,3857073,41,60.9,34.84,760,760
تایباد,تایباد,سیزده متری,317456,3855005,41,61,34.82,720,720
تایباد,تایباد,شمس آباد,305915,3849490,41,60.88,34.77,748,748
تایباد,تایباد,مقابل کاریز,302300,3853856,41,60.84,34.81,763,763
تایباد,تایباد,نرسیده به چهار برجی,285675,3847316,41,60.66,34.75,907,907
تایباد,تایباد,کلا ته اقا,294796,3851182,41,60.76,34.78,844,844
تایباد,تایباد,کلا ته اقا - 2,294727,3851290,41,60.76,34.78,844,844
تایباد,تایباد,یک مرزی دوقارون,315888,3847584,41,60.99,34.75,716,716
جنگل,جنگل,بند ازبک,695446,3840378,40,59.13,34.69,880,880
جنگل,جنگل,جنت آباد - راه حوض لبگاه,703743,3847554,40,59.23,34.75,915,915
جنگل,جنگل,جنگل,702591,3842923,40,59.21,34.71,898,898
جنگل,جنگل,حوض لبگاه - شماره 3,695840,3847643,40,59.14,34.75,885,885
جنگل,جنگل,حوض لبگاه - شماره 4,691038,3849799,40,59.09,34.77,884,884
جنگل,جنگل,حوض مغول,705347,3839142,40,59.24,34.67,901,901
جنگل,جنگل,قبرستان جنت آباد,709470,3846736,40,59.29,34.74,922,922
جنگل,جنگل,چاه شورک,701295,3831846,40,59.2,34.61,881,881
جوین - سلطان آباد,جوین,آق قلعه,534179,4064243,40,57.38,36.72,1070,1070
جوین - سلطان آباد,جوین,ابراهیم آباد بالا جوین,559578,4051598,40,57.67,36.61,1094,1094
جوین - سلطان آباد,جوین,اکتشافی آزادوار,475401,4066617,40,56.72,36.74,965,965
جوین - سلطان آباد,جوین,اکتشافی شهرستانک,512809,4061222,40,57.14,36.7,1139,1139
جوین - سلطان آباد,جوین,اکتشافی نقاب,537072,4052839,40,57.41,36.62,1158,1158
جوین - سلطان آباد,جوین,ایستگاه اسفراین,556306,4049162,40,57.63,36.59,1111,1111
جوین - سلطان آباد,جوین,بین رحمت آباد و صدرآباد,578645,4044680,40,57.88,36.54,1133,1133
جوین - سلطان آباد,جوین,بین فیض آباد و فراشیان,481750,4071450,40,56.8,36.79,964,964
جوین - سلطان آباد,جوین,جاورتن,484163,4065689,40,56.82,36.74,1038,1038
جوین - سلطان آباد,جوین,جبله (چاه جدید ),501446,4060710,40,57.02,36.69,1147,1147
جوین - سلطان آباد,جوین,جزندر,533222,4051980,40,57.37,36.61,1205,1205
جوین - سلطان آباد,جوین,جنوب امیرآباد,457824,4058274,40,56.53,36.67,958,958
جوین - سلطان آباد,جوین,جنوب ایستگاه بیهق,575207,4040238,40,57.84,36.5,1149,1149
جوین - سلطان آباد,جوین,جنوب ایستگاه سنخواست,497239,4065329,40,56.97,36.73,1065,1065
جوین - سلطان آباد,جوین,جنوب جنبر جوق,607145,4037242,40,58.2,36.47,1214,1214
جوین - سلطان آباد,جوین,جنوب دهنه شور,594498,4044225,40,58.06,36.54,1202,1202
جوین - سلطان آباد,جوین,جنوب راه چمن (چاه جدید),498893,4070741,40,56.99,36.78,1011,1011
جوین - سلطان آباد,جوین,جنوب رحمت آباد,571106,4042453,40,57.79,36.52,1141,1141
جوین - سلطان آباد,جوین,جنوب شفیع آباد,465120,4061585,40,56.61,36.7,955,955
جوین - سلطان آباد,جوین,جنوب شهرستانک,513072,4057378,40,57.15,36.66,1212,1212
جوین - سلطان آباد,جوین,جنوب غربی امیر آباد,455636,4058022,40,56.5,36.67,957,957
جوین - سلطان آباد,جوین,جنوب محمد آباد گفت - جدید,493258,4070204,40,56.92,36.78,1012,1012
جوین - سلطان آباد,جوین,جنوب مشکان,602299,4042734,40,58.14,36.52,1205,1205
جوین - سلطان آباد,جوین,جنوب کلاته انداده,521560,4065496,40,57.24,36.73,1071,1071
جوین - سلطان آباد,جوین,جنوب کلاته انداده -1,521563,4065507,40,57.24,36.74,1071,1071
جوین - سلطان آباد,جوین,جنوب کلاته ترسک,517957,4058013,40,57.2,36.67,1176,1176
جوین - سلطان آباد,جوین,جنوب کمایستان,528130,4054174,40,57.31,36.63,1195,1195
جوین - سلطان آباد,جوین,حاجی آباد بزازان,544222,4059190,40,57.49,36.68,1077,1077
جوین - سلطان آباد,جوین,حسین آباد بالا جوین,565746,4043555,40,57.73,36.54,1148,1148
جوین - سلطان آباد,جوین,خوشاب 2- غرب خوشاب,587531,4032623,40,57.98,36.43,1183,1183
جوین - سلطان آباد,جوین,دلک آباد,546553,4046113,40,57.52,36.56,1192,1192
جوین - سلطان آباد,جوین,دوبرجه,452001,4062469,40,56.46,36.71,895,895
جوین - سلطان آباد,جوین,دوراهی بید و برغمد,552069,4043761,40,57.58,36.54,1201,1201
جوین - سلطان آباد,جوین,ذوب فلزات 1,559313,4042682,40,57.66,36.53,1182,1182
جوین - سلطان آباد,جوین,ذوب فلزات 2,553669,4045611,40,57.6,36.55,1160,1160
جوین - سلطان آباد,جوین,ذوب فلزات 3,541598,4050006,40,57.47,36.59,1175,1175
جوین - سلطان آباد,جوین,ریواده,509997,4071366,40,57.11,36.79,1034,1034
جوین - سلطان آباد,جوین,شرق حکم آباد,554418,4053075,40,57.61,36.62,1092,1092
جوین - سلطان آباد,جوین,شرق خدا شاه,503898,4071985,40,57.04,36.79,1014,1014
جوین - سلطان آباد,جوین,شرق کریم آباد,570512,4046312,40,57.79,36.56,1113,1113
جوین - سلطان آباد,جوین,شرق کمایستان,532402,4058342,40,57.36,36.67,1113,1113
جوین - سلطان آباد,جوین,شمال الله آباد,489434,4066141,40,56.88,36.74,1085,1085
جوین - سلطان آباد,جوین,شمال امیر آباد,456972,4064457,40,56.52,36.72,903,903
جوین - سلطان آباد,جوین,شمال ایستگاه سبزوار,598800,4036629,40,58.1,36.47,1182,1182
جوین - سلطان آباد,جوین,شمال حجت آباد,583277,4040300,40,57.93,36.5,1142,1142
جوین - سلطان آباد,جوین,شمال داشخانه,579522,4034662,40,57.89,36.45,1209,1209
جوین - سلطان آباد,جوین,شمال دهنه شور,596134,4049437,40,58.07,36.59,1244,1244
جوین - سلطان آباد,جوین,شمال راه چمن,498734,4072328,40,56.99,36.8,1003,1003
جوین - سلطان آباد,جوین,شمال رباط جز,590171,4036104,40,58.01,36.47,1160,1160
جوین - سلطان آباد,جوین,شمال سلطان آباد,594280,4030910,40,58.05,36.42,1191,1191
جوین - سلطان آباد,جوین,شمال سیدآباد,602572,4031465,40,58.14,36.42,1202,1202
جوین - سلطان آباد,جوین,شمال عبدل آباد,469606,4067038,40,56.66,36.75,928,928
جوین - سلطان آباد,جوین,شمال غرب دلقند,462559,4065952,40,56.58,36.74,915,915
جوین - سلطان آباد,جوین,شمال کلاته حاج مطلب,568700,4037400,40,57.77,36.48,1238,1238
جوین - سلطان آباد,جوین,شمال کلاته حاج مطلب -1,568861,4038292,40,57.77,36.49,1218,1218
جوین - سلطان آباد,جوین,عبدل آباد اکراد,587320,4042335,40,57.98,36.52,1169,1169
جوین - سلطان آباد,جوین,علی آباد خرابه,564502,4048312,40,57.72,36.58,1107,1107
جوین - سلطان آباد,جوین,غرب زور آباد,528679,4065708,40,57.32,36.74,1071,1071
جوین - سلطان آباد,جوین,غرب نوباغ,515885,4070405,40,57.18,36.78,1035,1035
جوین - سلطان آباد,جوین,غرب کلاته گز,487578,4072598,40,56.86,36.8,981,981
جوین - سلطان آباد,جوین,غرب کمایستان,526479,4061130,40,57.3,36.7,1106,1106
جوین - سلطان آباد,جوین,قدر آباد - میثم تمار,534045,4062806,40,57.38,36.71,1077,1077
جوین - سلطان آباد,جوین,قلعه نو بیدخور,541210,4045466,40,57.46,36.55,1254,1254
جوین - سلطان آباد,جوین,مابین فیض آباد و فراشیان,482424,4070338,40,56.8,36.78,972,972
جوین - سلطان آباد,جوین,نیم ایستگاه جوین,507445,4066262,40,57.08,36.74,1054,1054
جوین - سلطان آباد,جوین,نیم ایستگاه صالح آباد,546818,4052998,40,57.52,36.62,1110,1110
جوین - سلطان آباد,جوین,پل حکم آباد,550973,4049609,40,57.57,36.59,1117,1117
جوین - سلطان آباد,جوین,پل حکم آباد -1,550216,4048464,40,57.56,36.58,1137,1137
جوین - سلطان آباد,جوین,چاه فرش,447095,4059672,40,56.41,36.68,885,885
جوین - سلطان آباد,جوین,کلاته آقا محمد,538313,4061929,40,57.43,36.7,1075,1075
جوین - سلطان آباد,جوین,کلاته شهیدان,548671,4056196,40,57.54,36.65,1087,1087
خواف,خواف,احمد آباد,765508,3850816,40,59.9,34.76,1031,1031
خواف,خواف,امین آباد,747795,3873819,40,59.71,34.98,1212,1212
خواف,خواف,امین آباد- تغذیه مصنوعی,749399,3870650,40,59.73,34.95,1144,1144
خواف,خواف,اکبر آباد,751333,3863189,40,59.75,34.88,1053,1053
خواف,خواف,ترمینال,239754,3827274,41,60.16,34.55,967,967
خواف,خواف,جنگل,226287,3840779,41,60.01,34.67,1018,1018
خواف,خواف,حسن آباد,765072,3846646,40,59.89,34.73,1012,1012
خواف,خواف,سده,766633,3856362,40,59.91,34.81,1081,1081
خواف,خواف,سریک مهاباد,230200,3831887,41,60.06,34.59,1006,1006
خواف,خواف,سعادت آباد,753000,3866700,40,59.77,34.91,1095,1095
خواف,خواف,سعادت آباد -1,753038,3867439,40,59.77,34.92,1109,1109
خواف,خواف,سلامه,772314,3850162,40,59.97,34.76,1070,1070
خواف,خواف,سلامه بعد از 17 قریشی,771382,3843407,40,59.96,34.7,1029,1029
خواف,خواف,سلامی,771469,3846358,40,59.96,34.72,1037,1037
خواف,خواف,سلمان,758757,3853651,40,59.83,34.79,999,999
خواف,خواف,سیجاوند,758563,3863086,40,59.83,34.88,1095,1095
خواف,خواف,شرق خرگرد,241839,3823313,41,60.19,34.52,947,947
خواف,خواف,شمال خرگرد,243965,3826549,41,60.21,34.55,995,995
خواف,خواف,شمال روستای فایندر,234876,3839924,41,60.11,34.67,1054,1054
خواف,خواف,عباس آباد - چمن آباد,757700,3856500,40,59.82,34.82,1020,1020
خواف,خواف,عباس آباد - چمن آباد -1,757315,3856875,40,59.81,34.82,1023,1023
خواف,خواف,فایندر جدید - کنار روستا,229095,3836470,41,60.04,34.63,1005,1005
خواف,خواف,لاج,234600,3834842,41,60.11,34.62,1004,1004
خواف,خواف,نقاب - روبروی هنرستان کشاورزی,744798,3868956,40,59.68,34.93,1112,1112
خواف,خواف,چاه 17 معدن,242148,3835352,41,60.19,34.63,1101,1101
خواف,خواف,چهارده سرآسیاب,230125,3845797,41,60.05,34.72,1075,1075
داورزن,داورزن - فرومد,اسماعیل آباد,481600,4014602,40,56.8,36.28,810,810
داورزن,داورزن - فرومد,باقرآباد,498221,4003755,40,56.98,36.18,820,820
داورزن,داورزن - فرومد,تزر,510911,4011220,40,57.12,36.25,917,917
داورزن,داورزن - فرومد,جنوب داورزن,487845,4017807,40,56.86,36.31,845,845
داورزن,داورزن - فرومد,جنوب صد خرو,505738,4015137,40,57.06,36.28,934,934
داورزن,داورزن - فرومد,جنوب صد خرو برج,499189,4015428,40,56.99,36.28,887,887
داورزن,داورزن - فرومد,جنوب صد خرو جنگل,502286,4010118,40,57.03,36.24,864,864
داورزن,داورزن - فرومد,جنوب کاهک ماشدان,479835,4021447,40,56.78,36.34,824,824
داورزن,داورزن - فرومد,ده کیلومتری باقرآباد,488397,4007840,40,56.87,36.22,811,811
داورزن,داورزن - فرومد,شرق اسدآباد,495140,4014355,40,56.95,36.27,867,867
داورزن,داورزن - فرومد,شرق داورزن,492877,4021357,40,56.92,36.34,909,909
داورزن,داورزن - فرومد,غرب صد خرو جاده تهران,499749,4020108,40,57,36.33,975,975
داورزن,داورزن - فرومد,مقیسه _ بروغن,506941,4001938,40,57.08,36.16,840,840
داورزن,داورزن - فرومد,مهر,513115,4015685,40,57.15,36.29,1003,1003
داورزن,داورزن - فرومد,نیمه عمیق متروکه مزینان,485877,4012617,40,56.84,36.26,813,813
داورزن,داورزن - فرومد,پنج کیلومتری باقرآباد,493332,4004669,40,56.93,36.19,814,814
داورزن,داورزن - فرومد,چشام _خسروآباد,501991,4002928,40,57.02,36.17,832,832
داورزن,داورزن - فرومد,کاهک_ داورزن,485676,4023381,40,56.84,36.36,882,882
درونه,درونه,جنوب مهلار,547591,3890569,40,57.52,35.16,842,842
درونه,درونه,دهنه برق,531033,3890814,40,57.34,35.16,875,875
درونه,درونه,شرق جاده طبس,534107,3886136,40,57.37,35.12,813,813
درونه,درونه,شرق چاه سلیمانی,546457,3894773,40,57.51,35.19,862,862
درونه,درونه,شرکت ستنج,552444,3892065,40,57.58,35.17,863,863
درونه,درونه,شهید حسن زاده,553776,3896633,40,57.59,35.21,898,898
درونه,درونه,غرب چاه رجبی,528189,3889543,40,57.31,35.15,852,852
درونه,درونه,چشمه درونه,538850,3893400,40,57.43,35.18,845,845
درونه,درونه,کالشور,540103,3890810,40,57.44,35.16,823,823
درگز,آبخوان جنوبی,اراضی کهنه اصفهان,691726,4131553,40,59.16,37.31,624,624
درگز,آبخوان جنوبی,تاج الدین - کنار جاده,673190,4143448,40,58.96,37.42,745,745
درگز,آبخوان جنوبی,تاج الدین - کنار جاده -1,673186,4143438,40,58.96,37.42,745,745
درگز,آبخوان جنوبی,جاده قزلق,687549,4133155,40,59.12,37.33,618,618
درگز,آبخوان جنوبی,داغدار- کاریز دیوانه,676638,4138500,40,59,37.38,744,744
درگز,آبخوان جنوبی,دو راهی چاپشلو,681329,4138619,40,59.05,37.38,653,653
درگز,آبخوان جنوبی,دو راهی چاپشلو -1,681662,4138290,40,59.05,37.37,648,648
درگز,آبخوان جنوبی,عزت آباد,676274,4142422,40,58.99,37.41,681,681
درگز,آبخوان جنوبی,پرکند,681232,4141163,40,59.05,37.4,617,617
درگز,آبخوان جنوبی,چاپشلو - مزار شهدا,684040,684020,40,58.66,6.19,653,653
درگز,آبخوان جنوبی,کاهو شماره دو,668740,4145870,40,58.91,37.44,814,814
درگز,آبخوان جنوبی,کاهو شماره یک,671807,4147889,40,58.94,37.46,693,693
درگز,آبخوان جنوبی,کلاته کندی,685890,4137621,40,59.1,37.37,586,586
درگز,آبخوان شمالی,ارتیان,684408,4150165,40,59.09,37.48,500,500
درگز,آبخوان شمالی,بندگنی,669442,4156142,40,58.92,37.54,694,694
درگز,آبخوان شمالی,جلفان ابوالمعجن,671060,4158476,40,58.94,37.56,704,704
درگز,آبخوان شمالی,حضرت سلطان,671383,4153783,40,58.94,37.52,666,666
درگز,آبخوان شمالی,حضرت سلطان -1,671980,4153813,40,58.95,37.52,656,656
درگز,آبخوان شمالی,خنلانلو,673483,4155312,40,58.96,37.53,638,638
درگز,آبخوان شمالی,درگز کنار اداره,685813,4145333,40,59.1,37.44,490,490
درگز,آبخوان شمالی,روستای عشایر,694720,4145425,40,59.2,37.44,416,416
درگز,آبخوان شمالی,مرکز بهداشت نوخندان,675628,4153709,40,58.99,37.51,605,605
درگز,آبخوان شمالی,نوخندان - دربند,675453,4153751,40,58.99,37.51,606,606
درگز,آبخوان شمالی,پالکانلو,666973,4158797,40,58.89,37.56,738,738
درگز,آبخوان شمالی,چغز - باغ لطفی,688599,4147600,40,59.13,37.46,453,453
درگز,آبخوان شمالی,چغز - باغ لطفی -1,688600,4147608,40,59.13,37.46,453,453
درگز,آبخوان شمالی,چغز - پیچ دیوار ساحلی,690226,4150183,40,59.15,37.48,427,427
درگز,آبخوان شمالی,کلاته صداقت,690704,4144936,40,59.16,37.43,444,444
درگز,درگز جنوبی,چاپشلو - مزار شهدا,684026,4135489,40,59.08,37.35,655,655
درگز,درگز شمالی,ارتفاعات کلاته بی بی قرمز,664656,4158495,40,58.86,37.56,826,826
رخ,دشت رخ,احمد آباد خزایی,726214,3945372,40,59.5,35.63,1835,1835
رخ,دشت رخ,اسد آباد,713031,3945798,40,59.35,35.63,1713,1713
رخ,دشت رخ,اسدیه,719171,3945407,40,59.42,35.63,1761,1761
رخ,دشت رخ,اکبر آباد,695370,3937552,40,59.16,35.56,1667,1667
رخ,دشت رخ,برس,679930,3942169,40,58.99,35.61,1703,1703
رخ,دشت رخ,ترقی,678389,3947202,40,58.97,35.65,1585,1585
رخ,دشت رخ,تلخ بخش,667927,3955442,40,58.86,35.73,1478,1478
رخ,دشت رخ,جنوب زمه,657748,3958117,40,58.74,35.75,1459,1459
رخ,دشت رخ,جنوب مشاع گلبو,662520,3951796,40,58.8,35.7,1557,1557
رخ,دشت رخ,جوادیه,690582,3942106,40,59.1,35.6,1633,1633
رخ,دشت رخ,حشمت آباد,702629,3937575,40,59.24,35.56,1676,1676
رخ,دشت رخ,دافی,657788,3951140,40,58.74,35.69,1587,1587
رخ,دشت رخ,رباط میان دشت,712154,3941749,40,59.34,35.6,1673,1673
رخ,دشت رخ,رقیچه,683400,3941400,40,59.02,35.6,1674,1674
رخ,دشت رخ,روستای آق کمر,729348,3942306,40,59.53,35.6,1802,1802
رخ,دشت رخ,زرین دشت,715354,3941253,40,59.38,35.59,1690,1690
رخ,دشت رخ,سرهنگ_1,704569,3947069,40,59.26,35.65,1672,1672
رخ,دشت رخ,سلطان آباد,697900,3942500,40,59.18,35.61,1627,1627
رخ,دشت رخ,شرق آسایش,651041,3951951,40,58.67,35.7,1579,1579
رخ,دشت رخ,شرق نظامیه,706782,3941336,40,59.28,35.59,1656,1656
رخ,دشت رخ,شماره 2 سرهنگ,703777,3946570,40,59.25,35.64,1666,1666
رخ,دشت رخ,شمال شرق کدکن,673324,3942566,40,58.91,35.61,1747,1747
رخ,دشت رخ,شمال کدکن,669828,3947140,40,58.88,35.65,1627,1627
رخ,دشت رخ,شور حصار,708653,3937233,40,59.3,35.56,1681,1681
رخ,دشت رخ,شیر آباد,698179,3942177,40,59.19,35.6,1628,1628
رخ,دشت رخ,غرب ریگی,652894,3959373,40,58.69,35.77,1459,1459
رخ,دشت رخ,قشرباط,722932,3940996,40,59.46,35.59,1741,1741
رخ,دشت رخ,مختاری,714782,3935757,40,59.37,35.54,1718,1718
رخ,دشت رخ,نصرت آباد,684165,3945403,40,59.03,35.64,1602,1602
رخ,دشت رخ,پیش آخور,692023,3946600,40,59.12,35.64,1622,1622
رخ,دشت رخ,چهار تخته کوک,687484,3945201,40,59.07,35.63,1616,1616
رشتخوار,رشتخوار,اسلام آباد,734125,3878114,40,59.57,35.02,1162,1162
رشتخوار,رشتخوار,دوراهی جنگل,711915,3893774,40,59.33,35.16,1227,1227
رشتخوار,رشتخوار,سرآسیاب رود خر,731131,3875155,40,59.53,34.99,1105,1105
رشتخوار,رشتخوار,سنگان,720742,3888313,40,59.42,35.11,1177,1177
رشتخوار,رشتخوار,سیوکی,707557,3890201,40,59.28,35.13,1172,1172
رشتخوار,رشتخوار,علی آباد دامن جدید,729831,3883012,40,59.52,35.06,1180,1180
رشتخوار,رشتخوار,علی آباد دامن قدیم,727704,3885151,40,59.5,35.08,1210,1210
رشتخوار,رشتخوار,محمد آباد,714593,3888771,40,59.35,35.12,1160,1160
رشتخوار,رشتخوار,ملک آباد,717300,3892300,40,59.39,35.15,1222,1222
رشتخوار,رشتخوار,کاظم آباد,724760,3878177,40,59.46,35.02,1139,1139
رشتخوار,رشتخوار,کت,718485,3885507,40,59.4,35.09,1156,1156
رشتخوار,رشتخوار,گیل آباد,721424,3882602,40,59.43,35.06,1146,1146
ریوش,ریوش,اراضی ایور,649403,3926008,40,58.65,35.47,2066,2066
ریوش,ریوش,اراضی گوشه,635007,3927291,40,58.49,35.48,1704,1704
ریوش,ریوش,ایور,644130,3926591,40,58.59,35.47,1950,1950
ریوش,ریوش,بین گوشه و ایور,639097,3926632,40,58.53,35.47,1807,1807
ریوش,ریوش,شرق تنورچه,648706,3921459,40,58.64,35.43,1906,1906
ریوش,ریوش,گوشه نما,640814,3922746,40,58.55,35.44,1775,1775
زاوه - تربت حیدریه,تربت حیدریه,امور آب تربت حیدریه (داخل محوطه اداره),701149,3907314,40,59.21,35.29,1385,1385
زاوه - تربت حیدریه,تربت حیدریه,اهالی شهن آباد,722086,3912833,40,59.44,35.33,1418,1418
زاوه - تربت حیدریه,تربت حیدریه,اول شهن آباد,720437,3909881,40,59.42,35.31,1374,1374
زاوه - تربت حیدریه,تربت حیدریه,جاده کمربندی اسفیوخ,706413,3910499,40,59.27,35.32,1387,1387
زاوه - تربت حیدریه,تربت حیدریه,جنوب غرب چخماق,754481,3905644,40,59.8,35.26,1522,1522
زاوه - تربت حیدریه,تربت حیدریه,حاجی آباد,714002,3907811,40,59.35,35.29,1360,1360
زاوه - تربت حیدریه,تربت حیدریه,حشمت آباد - راه برزو,737533,3915198,40,59.61,35.35,1503,1503
زاوه - تربت حیدریه,تربت حیدریه,دامسک,705922,3906556,40,59.26,35.28,1364,1364
زاوه - تربت حیدریه,تربت حیدریه,دولت آباد,728464,3907231,40,59.51,35.28,1363,1363
زاوه - تربت حیدریه,تربت حیدریه,زاوه - پشت مدرسه,724750,3906922,40,59.47,35.28,1358,1358
زاوه - تربت حیدریه,تربت حیدریه,سلطان آباد مرغزار,750085,3912999,40,59.75,35.33,1568,1568
زاوه - تربت حیدریه,تربت حیدریه,شرق کوه اسفیوخ,711318,3912767,40,59.33,35.34,1417,1417
زاوه - تربت حیدریه,تربت حیدریه,شهرک ولیعصر - آب قنداب,700458,3912873,40,59.21,35.34,1466,1466
زاوه - تربت حیدریه,تربت حیدریه,صفی آباد دیمزار,738478,3907277,40,59.62,35.28,1405,1405
زاوه - تربت حیدریه,تربت حیدریه,عنبرسرا,730940,3917532,40,59.54,35.37,1528,1528
زاوه - تربت حیدریه,تربت حیدریه,قلعه نو صفی آباد,747152,3907528,40,59.72,35.28,1464,1464
زاوه - تربت حیدریه,تربت حیدریه,مرغزار - اول روستا,744364,3911408,40,59.69,35.32,1487,1487
زاوه - تربت حیدریه,تربت حیدریه,مرغزار جرگه,744952,3917076,40,59.7,35.37,1591,1591
زاوه - تربت حیدریه,تربت حیدریه,چاه متروکه قلعه آقاحسن,762282,3897262,40,59.88,35.18,1586,1586
زاوه - تربت حیدریه,تربت حیدریه,کاریزک ناگهانی - گوجی,716798,3916925,40,59.39,35.37,1513,1513
زاوه - تربت حیدریه,تربت حیدریه,کلاته سرخ,724086,3918440,40,59.47,35.38,1526,1526
زاوه - تربت حیدریه,تربت حیدریه,کنار جاده قلعه آقاحسن,760686,3901000,40,59.86,35.22,1538,1538
زاوه - تربت حیدریه,تربت حیدریه,کنار راه شهوار کاهیجه,747850,3904227,40,59.72,35.25,1448,1448
زوزن,زوزن,ابراهیمی,764117,3799455,40,59.87,34.3,798,798
زوزن,زوزن,ارگ قلندر,769947,3783894,40,59.93,34.16,746,746
زوزن,زوزن,ارگ قلندر 1,772063,3780674,40,59.95,34.13,745,745
زوزن,زوزن,ارگ قلندر 1 (اکتشافی),772034,3780669,40,59.95,34.13,745,745
زوزن,زوزن,ارگ قلندر 2,772009,3780570,40,59.95,34.13,748,748
زوزن,زوزن,اسد آباد,766759,3807733,40,59.9,34.38,754,754
زوزن,زوزن,بنی آباد,765902,3775266,40,59.88,34.08,805,805
زوزن,زوزن,بهدادین,237781,3786386,41,60.15,34.19,689,689
زوزن,زوزن,بیاس آباد,228702,3799661,41,60.05,34.3,723,723
زوزن,زوزن,بیاس آباد 1,226166,3800243,41,60.02,34.31,724,724
زوزن,زوزن,بیاس آباد 2,226238,3800334,41,60.03,34.31,720,720
زوزن,زوزن,بین بنی آباد و مجن آباد,775362,3776507,40,59.98,34.09,745,745
زوزن,زوزن,بین بنی آباد و چاه پایاب,768855,3796597,40,59.92,34.28,754,754
زوزن,زوزن,بین بنی آباد و چاه پایاب,768856,3769597,40,59.91,34.03,794,794
زوزن,زوزن,بین علی آباد و حسین آباد,226970,3785537,41,60.04,34.18,708,708
زوزن,زوزن,جهان آباد,753009,3817764,40,59.75,34.47,825,825
زوزن,زوزن,جوب دراز,757731,3806304,40,59.8,34.37,840,840
زوزن,زوزن,حجت آباد,764590,3811913,40,59.88,34.41,766,766
زوزن,زوزن,حسن آباد,767923,3795639,40,59.91,34.27,768,768
زوزن,زوزن,حسین آباد خرابه,772693,3805986,40,59.96,34.36,739,739
زوزن,زوزن,حسین آباد کاریون (بهدادان),236617,3783404,41,60.14,34.16,679,679
زوزن,زوزن,شهر زوزن,764798,3806096,40,59.88,34.36,761,761
زوزن,زوزن,شیرخون,769460,3802228,40,59.93,34.33,742,742
زوزن,زوزن,علی آباد قریشی,773936,3790202,40,59.97,34.22,717,717
زوزن,زوزن,مجن آباد,232309,3779307,41,60.1,34.12,702,702
زوزن,زوزن,محمد آباد,231787,3791330,41,60.09,34.23,707,707
زوزن,زوزن,مژن آباد 1,226998,3772238,41,60.04,34.06,760,760
زوزن,زوزن,چاه زول 2,236474,3776703,41,60.14,34.1,699,699
زوزن,زوزن,کالشور,760528,3770360,40,59.82,34.04,859,859
سبزوار,سبزوار,آزاد منجیر,572012,4003490,40,57.8,36.17,936,936
سبزوار,سبزوار,اراضی ابارش,555100,4007250,40,57.61,36.21,955,955
سبزوار,سبزوار,افضل آباد,558536,4005903,40,57.65,36.2,947,947
سبزوار,سبزوار,باشتین,528854,4002584,40,57.32,36.17,867,867
سبزوار,سبزوار,باغان,568410,4005146,40,57.76,36.19,941,941
سبزوار,سبزوار,تسبند,526532,3976400,40,57.29,35.93,955,955
سبزوار,سبزوار,جاده کاشمر,552469,3990442,40,57.58,36.06,967,967
سبزوار,سبزوار,جنوب دولت آباد,566544,3995538,40,57.74,36.1,963,963
سبزوار,سبزوار,جنوب راه مسکن,543955,4002937,40,57.49,36.17,888,888
سبزوار,سبزوار,جنوب علی آباد شور,570087,3994713,40,57.78,36.09,982,982
سبزوار,سبزوار,جنوب غربی ده نبی,511297,3985198,40,57.13,36.01,850,850
سبزوار,سبزوار,جنوب کال برآباد,529399,3993676,40,57.33,36.09,852,852
سبزوار,سبزوار,حسین آباد گنجی,543392,3993221,40,57.48,36.08,892,892
سبزوار,سبزوار,حوض حارث آباد,560403,3995488,40,57.67,36.1,941,941
سبزوار,سبزوار,خسروگرد,552386,4006891,40,57.58,36.21,953,953
سبزوار,سبزوار,خیر آباد,569923,4011457,40,57.78,36.25,1045,1045
سبزوار,سبزوار,دروک,521421,3989951,40,57.24,36.05,849,849
سبزوار,سبزوار,ده مسکن,543957,4002937,40,57.49,36.17,888,888
سبزوار,سبزوار,ده کیلومتری حسین آباد گنجی,534010,3991739,40,57.38,36.07,869,869
سبزوار,سبزوار,ریوند,530100,4010120,40,57.33,36.24,962,962
سبزوار,سبزوار,ست کوپ,536688,4003467,40,57.41,36.18,887,887
سبزوار,سبزوار,سه کیلومتری شرق قلعه نوردآب,531742,3989550,40,57.35,36.05,880,880
سبزوار,سبزوار,شرق استیز,546119,4007335,40,57.51,36.21,924,924
سبزوار,سبزوار,شرق ده مسکن,545562,4003258,40,57.51,36.17,892,892
سبزوار,سبزوار,شمال دولت آباد,564511,4001443,40,57.72,36.16,920,920
سبزوار,سبزوار,شمال زیدآباد,578344,4007561,40,57.87,36.21,986,986
سبزوار,سبزوار,شمال شرق دولت آباد,569014,4001745,40,57.77,36.16,931,931
سبزوار,سبزوار,شمال شرق علی آباد,572594,4000032,40,57.81,36.14,947,947
سبزوار,سبزوار,شمال نزل آباد,574313,4006259,40,57.83,36.2,961,961
سبزوار,سبزوار,شمال کال برآباد,530129,3995970,40,57.33,36.11,853,853
سبزوار,سبزوار,شمس آباد,536123,3989137,40,57.4,36.05,887,887
سبزوار,سبزوار,شهرآیین,523372,4004643,40,57.26,36.19,871,871
سبزوار,سبزوار,شهرداری,524657,4011339,40,57.27,36.25,962,962
سبزوار,سبزوار,شیر احمد,577278,3997047,40,57.86,36.12,992,992
سبزوار,سبزوار,عمیق کاشک,561315,3989584,40,57.68,36.05,1029,1029
سبزوار,سبزوار,غرب استیز,536203,4008800,40,57.4,36.22,924,924
سبزوار,سبزوار,غرب جاده رباط سرپوش,582359,4004765,40,57.92,36.18,987,987
سبزوار,سبزوار,غرب کلاوشک,568817,3989429,40,57.76,36.05,1051,1051
سبزوار,سبزوار,فسنقر - برزو,547587,3995141,40,57.53,36.1,892,892
سبزوار,سبزوار,فیلشور,534148,3978389,40,57.38,35.95,1015,1015
سبزوار,سبزوار,قره قلی,580426,4011978,40,57.9,36.25,1079,1079
سبزوار,سبزوار,قلعه نو - ملوند,526132,3984760,40,57.29,36.01,889,889
سبزوار,سبزوار,لب کال نامن,535623,3995613,40,57.4,36.1,863,863
سبزوار,سبزوار,مابین ثقیه و علی آباد,572995,3992238,40,57.81,36.07,1022,1022
سبزوار,سبزوار,ملوند,520269,3983300,40,57.22,35.99,875,875
سبزوار,سبزوار,منبع آب,519073,4014949,40,57.21,36.28,1037,1037
سبزوار,سبزوار,مهرآباد,517215,4004178,40,57.19,36.18,858,858
سبزوار,سبزوار,پل حارث آباد,557408,4001241,40,57.64,36.15,904,904
سبزوار,سبزوار,پنج کیلومتری جنوب حسین آباد,545925,3990183,40,57.51,36.06,945,945
سبزوار,سبزوار,پنج کیلومتری جنوب قلعه نوردآب,534458,3985328,40,57.38,36.01,929,929
سبزوار,سبزوار,پنج کیلومتری غرب ده گنجی,538124,3992143,40,57.42,36.07,871,871
سبزوار,سبزوار,پیچ حارث آباد,554706,3996486,40,57.61,36.11,909,909
سبزوار,سبزوار,کال حسین آباد گنجی,543780,3998736,40,57.49,36.13,880,880
سبزوار,سبزوار,کال فسنقر,550672,3999598,40,57.56,36.14,889,889
سبزوار,سبزوار,کال مسکن,543518,3999374,40,57.48,36.14,879,879
سبزوار,سبزوار,کال نزل آباد,575423,4002967,40,57.84,36.17,945,945
سبزوار,سبزوار,کلاته آهنگران,561075,4002710,40,57.68,36.17,916,916
سبزوار,سبزوار,کلاته دولت,555338,4001271,40,57.62,36.15,901,901
سبزوار,سبزوار,کنار قنات علی آباد,569486,3995012,40,57.77,36.1,976,976
سرخس,سرخس,14-نوارمرزی,316424,4054512,41,60.95,36.62,257,257
سرخس,سرخس,7-پشت فروردگاه قدیم,332841,4042626,41,61.13,36.51,279,279
سرخس,سرخس,اراضی حسن آباد جر -wa,325084,4045190,41,61.05,36.54,274,274
سرخس,سرخس,اراضی حسن اباد جر-wb,324655,4045424,41,61.04,36.54,273,273
سرخس,سرخس,اول کچولی,328133,4036191,41,61.08,36.46,292,292
سرخس,سرخس,ایستگاه کنترل گاز,328548,4022853,41,61.09,36.34,349,349
سرخس,سرخس,بابالقمان,335943,4049053,41,61.17,36.57,271,271
سرخس,سرخس,بعد از آصف آباد چاه شماره 5,333908,4033279,41,61.15,36.43,295,295
سرخس,سرخس,بعد از قوش سربزی عیسی مختاری,329550,4029350,41,61.1,36.39,305,305
سرخس,سرخس,بلوار امام رضا (ع),336223,4045565,41,61.17,36.54,276,276
سرخس,سرخس,بین تام مختار و کندکلی,327396,4049721,41,61.07,36.58,270,270
سرخس,سرخس,بین تام مختار و کندکلی -1,327184,4049761,41,61.07,36.58,270,270
سرخس,سرخس,بین کچولی وقوش عظیم,331503,4033750,41,61.12,36.43,295,295
سرخس,سرخس,تام  رسول,323711,4049942,41,61.03,36.58,264,264
سرخس,سرخس,جاده شیلات چاه شماره-9,332705,4054228,41,61.13,36.62,262,262
سرخس,سرخس,حاجی جهند,337938,4004477,41,61.2,36.17,346,346
سرخس,سرخس,دامپروری ( 2 ),328220,4040808,41,61.08,36.5,281,281
سرخس,سرخس,راه جنگل چاه شماره-10,328441,4052639,41,61.08,36.6,264,264
سرخس,سرخس,روستای یاس تپه چاه شماره  13,323337,4053146,41,61.02,36.61,264,264
سرخس,سرخس,شماره 1 جاده دولت آباد به صمد,329244,4019211,41,61.1,36.3,332,332
سرخس,سرخس,شماره 2 جاده دولت آباد به صمد,330258,4013785,41,61.11,36.25,407,407
سرخس,سرخس,شیرتپه,335783,3996833,41,61.18,36.1,365,365
سرخس,سرخس,صمداباد,333499,4007943,41,61.15,36.2,358,358
سرخس,سرخس,قبرستان تپه میراحمد,332695,4049486,41,61.13,36.58,276,276
سرخس,سرخس,قبرستان عباس آباد,329921,4046354,41,61.1,36.55,274,274
سرخس,سرخس,قبل از نوروز آباد -- اس9,334051,4018988,41,61.15,36.3,321,321
سرخس,سرخس,قبل ازقوش سربزی شماره4,332993,4029122,41,61.14,36.39,304,304
سرخس,سرخس,قلعه نو چاه شماره 6,334771,4037481,41,61.16,36.47,286,286
سرخس,سرخس,قوش  چاکر,328450,4046773,41,61.08,36.55,276,276
سرخس,سرخس,قوش خزایی,331425,4039673,41,61.12,36.49,283,283
سرخس,سرخس,قوش سربزی,331123,4025930,41,61.12,36.36,313,313
سرخس,سرخس,مسیر خط انتقال آب,330068,4049159,41,61.1,36.57,267,267
سرخس,سرخس,معدن شن وماسه -3,330704,4036539,41,61.11,36.46,286,286
سرخس,سرخس,مقابل منطقه ویژه اقتصادی,324670,4034760,41,61.04,36.44,314,314
سرخس,سرخس,منطقه ویژه تجاری,327360,4032320,41,61.07,36.42,307,307
سرخس,سرخس,نزدیک فرودگاه خط لوله 7,328202,4043802,41,61.08,36.52,277,277
سرخس,سرخس,نزدیک فنسهای فرودگاه,324087,4041753,41,61.04,36.5,287,287
سرخس,سرخس,نهر انقلاب,325017,4039104,41,61.05,36.48,299,299
سرخس,سرخس,نوار مرزی- چاه شماره 12,321029,4056174,41,61,36.63,259,259
سرخس,سرخس,نوارمرزی- چاه شماره 11,328325,4056845,41,61.08,36.64,260,260
سرخس,سرخس,پشت پاسگاه سه گوش,334477,4051375,41,61.15,36.59,270,270
سرخس,سرخس,پشت گازرسانی,333621,4045802,41,61.14,36.54,279,279
سرخس,سرخس,چاه آب شرب,334636,4044798,41,61.15,36.53,277,277
سرخس,سرخس,کلاته مره ای -اس 7,336406,4013001,41,61.18,36.25,331,331
سرخس,سرخس,یاز تپه چاه شماره 2,320848,4053867,41,61,36.61,259,259
سرخس,سرخس,یاس تپه راه جنگل,325760,4054481,41,61.05,36.62,260,260
سنگ بست - سرجام,سنگ بست,شهرک صنعتی کاویان,748332,3976895,40,59.75,35.9,1238,1238
سنگ بست - سرجام,سنگ بست,هدایت آباد,745947,3981190,40,59.73,35.94,1191,1191
شهر نو - باخرز,شهر نو - باخرز,آویان,244440,3882960,41,60.2,35.06,1385,1385
شهر نو - باخرز,شهر نو - باخرز,سه راهی بایی,241515,3896945,41,60.16,35.18,1544,1544
شهر نو - باخرز,شهر نو - باخرز,قلعه سرخ,232818,3896068,41,60.07,35.17,1501,1501
شهر نو - باخرز,شهر نو - باخرز,قلعه سرخ - 2,233916,3894864,41,60.08,35.16,1488,1488
شهر نو - باخرز,شهر نو - باخرز,قلعه نو,241006,3887613,41,60.16,35.1,1430,1430
شهر نو - باخرز,شهر نو - باخرز,نو بهار غلامان,253943,3877552,41,60.3,35.01,1283,1283
صالح آباد - جنت آباد,آبخوان شرقی,ابتدای جاده چشمه تیموری,311275,3959004,41,60.91,35.76,827,827
صالح آباد - جنت آباد,آبخوان شرقی,اراضی میشغال,306320,3960545,41,60.86,35.77,894,894
صالح آباد - جنت آباد,آبخوان شرقی,داخل کال میشغال,308990,3963300,41,60.89,35.8,812,812
صالح آباد - جنت آباد,آبخوان شرقی,روستای چشمه تیموری,312848,3962100,41,60.93,35.79,787,787
صالح آباد - جنت آباد,آبخوان غربی,اراضی ممیز آباد,301235,3969107,41,60.8,35.85,895,895
صالح آباد - جنت آباد,آبخوان غربی,روستای ممیز آباد,296543,3967590,41,60.75,35.83,972,972
صالح آباد - جنت آباد,آبخوان غربی,فاریزک,300447,3964320,41,60.79,35.8,956,956
صالح آباد - جنت آباد,آبخوان غربی,کالکراب,305529,3965215,41,60.85,35.81,868,868
عطاییه,عطاییه,اکتشافی شامکان,606216,3987516,40,58.18,36.03,1074,1074
عطاییه,عطاییه,جنوب حسین آباد,606178,3972555,40,58.18,35.89,1182,1182
عطاییه,عطاییه,جنوب ده حسینی,613053,3974578,40,58.25,35.91,1165,1165
عطاییه,عطاییه,جنوب غرب کال دهنه,608660,3995431,40,58.21,36.1,1038,1038
عطاییه,عطاییه,جنوب نوبهار - کال شهر سوخته,599591,3973416,40,58.1,35.9,1219,1219
عطاییه,عطاییه,جنوب کال هاشم آباد,588143,3999356,40,57.98,36.13,984,984
عطاییه,عطاییه,جنوب یحیی آباد,591683,3983024,40,58.02,35.99,1163,1163
عطاییه,عطاییه,حسین آباد شامکان- بیرون روستا,607170,3976133,40,58.19,35.92,1149,1149
عطاییه,عطاییه,حصار سرخ,619943,3986854,40,58.33,36.02,1058,1058
عطاییه,عطاییه,حوض انبار,595704,3970322,40,58.06,35.87,1284,1284
عطاییه,عطاییه,حوض سفید,622860,3962578,40,58.36,35.8,1284,1284
عطاییه,عطاییه,ده زمین,625495,3967800,40,58.39,35.85,1272,1272
عطاییه,عطاییه,رباط میان,618153,3964993,40,58.31,35.82,1230,1230
عطاییه,عطاییه,ریز آب,619669,3970982,40,58.33,35.88,1218,1218
عطاییه,عطاییه,ریگ منزل - مزرعه سپاه,589445,3978533,40,57.99,35.95,1233,1233
عطاییه,عطاییه,زعفرانیه - روبروی چاه اکتشافی,598165,4002884,40,58.09,36.17,1038,1038
عطاییه,عطاییه,سنگ معدن,611893,3963226,40,58.24,35.81,1234,1234
عطاییه,عطاییه,سنگرد,603042,3966679,40,58.14,35.84,1245,1245
عطاییه,عطاییه,شمال آغل,601809,3992736,40,58.13,36.07,1041,1041
عطاییه,عطاییه,شمال رباط سرپوش,586099,4007917,40,57.96,36.21,1040,1040
عطاییه,عطاییه,شمال شرق آب باریک,591824,4005800,40,58.02,36.19,1039,1039
عطاییه,عطاییه,شمال شرق زعفرانیه,602286,4002777,40,58.14,36.16,1091,1091
عطاییه,عطاییه,شمال کال هاشم آباد,587911,3999989,40,57.98,36.14,982,982
عطاییه,عطاییه,عطاییه,629031,3958381,40,58.43,35.76,1380,1380
عطاییه,عطاییه,غرب جاده رباط سرپوش,584446,4004586,40,57.94,36.18,991,991
عطاییه,عطاییه,غرب نوبهار,599573,3980954,40,58.1,35.97,1144,1144
عطاییه,عطاییه,قلعه بادام,610958,3968352,40,58.23,35.85,1184,1184
عطاییه,عطاییه,لب کال جلین,581167,4000634,40,57.9,36.15,958,958
عطاییه,عطاییه,لب کال زعفرانیه,601082,3999326,40,58.12,36.13,1018,1018
عطاییه,عطاییه,منابع طبیعی - بعد از یحیی آباد,595095,3991939,40,58.06,36.07,1047,1047
عطاییه,عطاییه,نیمه عمیق غفوری,605222,3997820,40,58.17,36.12,1039,1039
عطاییه,عطاییه,پنج کیلومتری شامکان,608755,3989871,40,58.21,36.05,1061,1061
عطاییه,عطاییه,پنج کیلومتری شیر احمد,582677,3998822,40,57.92,36.13,968,968
عطاییه,عطاییه,پنج کیلومتری یحیی آباد,599540,3988833,40,58.1,36.04,1068,1068
عطاییه,عطاییه,کریم آباد,593773,3996717,40,58.04,36.11,1011,1011
عمرانی - بیمرغ,آبخوان شرقی,بیمرغ,681043,3808638,40,58.97,34.4,919,919
عمرانی - بیمرغ,آبخوان شرقی,راه اسو - اروک,686712,3806789,40,59.03,34.39,904,904
عمرانی - بیمرغ,آبخوان شرقی,راه بیمرغ - نوده 1,683391,3813545,40,59,34.45,889,889
عمرانی - بیمرغ,آبخوان شرقی,راه بیمرغ - نوده 2,687400,3815137,40,59.04,34.46,871,871
عمرانی - بیمرغ,آبخوان شرقی,راه نوده - آهنگران,693851,3816380,40,59.11,34.47,857,857
عمرانی - بیمرغ,آبخوان شرقی,راه گناباد - بیمرغ,677403,3812204,40,58.93,34.44,913,913
عمرانی - بیمرغ,آبخوان شرقی,شرق روشناوند,679308,3816832,40,58.95,34.48,893,893
عمرانی - بیمرغ,آبخوان شرقی,شرق سلطانیه,683594,3818229,40,59,34.49,877,877
عمرانی - بیمرغ,آبخوان شرقی,شمال سلطانیه,679703,3822505,40,58.96,34.53,885,885
عمرانی - بیمرغ,آبخوان شرقی,نوده پشنگ,688855,3810733,40,59.06,34.42,886,886
عمرانی - بیمرغ,آبخوان غربی,اراضی عمرانی,653500,3830257,40,58.67,34.6,883,883
عمرانی - بیمرغ,آبخوان غربی,اراضی چاه شیرین,662458,3827862,40,58.77,34.58,876,876
عمرانی - بیمرغ,آبخوان غربی,جاده یونسی,639434,3843150,40,58.52,34.72,870,870
عمرانی - بیمرغ,آبخوان غربی,راه کلاته قیچی,636032,3839171,40,58.49,34.69,899,899
عمرانی - بیمرغ,آبخوان غربی,شمال پاسگاه عمرانی,656487,3826032,40,58.71,34.56,906,906
عمرانی - بیمرغ,آبخوان غربی,مار کوهک,647056,3835163,40,58.6,34.65,878,878
عمرانی - بیمرغ,آبخوان غربی,نخ کوه 1,641360,3838474,40,58.54,34.68,887,887
عمرانی - بیمرغ,آبخوان غربی,نخ کوه 2,644252,3842000,40,58.58,34.71,862,862
عمرانی - بیمرغ,آبخوان غربی,کال شور,662050,3835645,40,58.77,34.65,852,852
عمرانی - بیمرغ,آبخوان غربی,کنار پارکینگ,657536,3829919,40,58.72,34.6,886,886
عمرانی - بیمرغ,آبخوان غربی,یونسی,638708,3848970,40,58.52,34.77,844,844
عمرانی - بیمرغ,عمرانی,روبروی پادگان سپاه,667000,3808850,40,58.82,34.41,1024,1024
عمرانی - بیمرغ,عمرانی,سید آباد,664770,3809554,40,58.79,34.41,1023,1023
عمرانی - بیمرغ,عمرانی,شمال قوژد,659784,3811058,40,58.74,34.43,1036,1036
عمرانی - بیمرغ,عمرانی,شوراب 1,668369,3803429,40,58.83,34.36,1030,1030
فریمان - تربت جام,فریمان - تربت جام,ابدال آباد,250013,3923169,41,60.25,35.42,1157,1157
فریمان - تربت جام,فریمان - تربت جام,احمداباد,289628,3887417,41,60.69,35.11,894,894
فریمان - تربت جام,فریمان - تربت جام,اراضی جعفرآباد,260544,3930168,41,60.36,35.49,1143,1143
فریمان - تربت جام,فریمان - تربت جام,اراضی رحمت آباد,296893,3900453,41,60.77,35.23,858,858
فریمان - تربت جام,فریمان - تربت جام,اراضی رخنه گرگ,234899,3939829,41,60.07,35.57,1260,1260
فریمان - تربت جام,فریمان - تربت جام,اراضی رخنه گرگ  -1,235002,3939755,41,60.08,35.57,1258,1258
فریمان - تربت جام,فریمان - تربت جام,اراضی رضا آباد,290903,3900661,41,60.7,35.23,866,866
فریمان - تربت جام,فریمان - تربت جام,اراضی سفید سنگ,232961,3952476,41,60.05,35.68,1267,1267
فریمان - تربت جام,فریمان - تربت جام,اراضی سماخون,253045,3934559,41,60.28,35.52,1157,1157
فریمان - تربت جام,فریمان - تربت جام,اراضی قلعه گک,303714,3907717,41,60.84,35.29,952,952
فریمان - تربت جام,فریمان - تربت جام,اراضی قلندر آباد,229444,3946837,41,60.01,35.63,1313,1313
فریمان - تربت جام,فریمان - تربت جام,اراضی محمد آباد غرب قصاب,294731,3872441,41,60.75,34.97,898,898
فریمان - تربت جام,فریمان - تربت جام,اراضی مومن آباد,250947,3932107,41,60.25,35.5,1122,1122
فریمان - تربت جام,فریمان - تربت جام,اراضی نصرآباد,257044,3919439,41,60.33,35.39,1115,1115
فریمان - تربت جام,فریمان - تربت جام,اراضی نصرآباد سردق,258790,3925282,41,60.34,35.44,1074,1074
فریمان - تربت جام,فریمان - تربت جام,اراضی کوشکک,298869,3908566,41,60.79,35.3,954,954
فریمان - تربت جام,فریمان - تربت جام,الیاقی,311015,3885892,41,60.93,35.1,761,761
فریمان - تربت جام,فریمان - تربت جام,امیر آباد,285767,3913449,41,60.64,35.34,964,964
فریمان - تربت جام,فریمان - تربت جام,اول جاده الیا,292247,3878868,41,60.72,35.03,891,891
فریمان - تربت جام,فریمان - تربت جام,اکتشافی قلعه نو,766955,3955010,40,59.95,35.7,1327,1327
فریمان - تربت جام,فریمان - تربت جام,بژگان,294343,3894736,41,60.74,35.17,836,836
فریمان - تربت جام,فریمان - تربت جام,بین بهرامی و نصرت,297020,3881980,41,60.77,35.06,842,842
فریمان - تربت جام,فریمان - تربت جام,تیمنک,278851,3916998,41,60.57,35.37,1002,1002
فریمان - تربت جام,فریمان - تربت جام,جاده خاور,301892,3879040,41,60.83,35.03,823,823
فریمان - تربت جام,فریمان - تربت جام,جاده شاهان گرماب,239870,3948760,41,60.13,35.65,1228,1228
فریمان - تربت جام,فریمان - تربت جام,خرم آباد,261909,3919029,41,60.38,35.39,1072,1072
فریمان - تربت جام,فریمان - تربت جام,خیر آباد,251417,3927142,41,60.26,35.46,1125,1125
فریمان - تربت جام,فریمان - تربت جام,دولت اباد,303794,3883364,41,60.85,35.07,806,806
فریمان - تربت جام,فریمان - تربت جام,فریمان - راه اقر,760477,3957588,40,59.88,35.73,1364,1364
فریمان - تربت جام,فریمان - تربت جام,فریمان پلیس راه,758029,3952975,40,59.85,35.69,1420,1420
فریمان - تربت جام,فریمان - تربت جام,محمد آباد,313160,3890720,41,60.95,35.14,777,777
فریمان - تربت جام,فریمان - تربت جام,محمود آباد علیا,271049,3921797,41,60.48,35.41,1037,1037
فریمان - تربت جام,فریمان - تربت جام,مقابل میش مست,305545,3892503,41,60.87,35.16,799,799
فریمان - تربت جام,فریمان - تربت جام,منصوریه,303276,3885981,41,60.84,35.1,800,800
فریمان - تربت جام,فریمان - تربت جام,نیل آباد,296082,3888405,41,60.76,35.12,834,834
فریمان - تربت جام,فریمان - تربت جام,پاسگاه مالکی - کاریزنو,244355,3932092,41,60.18,35.5,1211,1211
فریمان - تربت جام,فریمان - تربت جام,پیزومتر قلعه خاکی,309269,3878151,41,60.91,35.03,791,791
فریمان - تربت جام,فریمان - تربت جام,پیزومتر قلعه نو,766231,3951286,40,59.94,35.67,1360,1360
فریمان - تربت جام,فریمان - تربت جام,چاه کهنه,305545,3901190,41,60.86,35.23,857,857
فریمان - تربت جام,فریمان - تربت جام,چشمه جوهر,265285,3927185,41,60.41,35.46,1115,1115
فریمان - تربت جام,فریمان - تربت جام,چشمه گل,290906,3914595,41,60.7,35.35,992,992
فریمان - تربت جام,فریمان - تربت جام,کلاته حاجی برات,247399,3938460,41,60.21,35.56,1172,1172
فریمان - تربت جام,فریمان - تربت جام,کیلومتر 15 تربت جام,272571,3912784,41,60.5,35.33,1010,1010
فریمان - تربت جام,فریمان - تربت جام,کیلومتر 5 تربت جام,278275,3907163,41,60.56,35.28,956,956
فریمان - تربت جام,فریمان - تربت جام,یاقوتی خرابه,288277,3908090,41,60.67,35.29,916,916
قلعه میدان,توندر - چهل دختر,پیزومتر شماره 2 علی آباد,634045,3934329,40,58.48,35.54,1890,1890
قلعه میدان,چاه شيرين,دق چاه شیرین,579057,3948789,40,57.87,35.68,1597,1597
محولات - فیض آباد,محولات,No Name-1,608375,3876794,40,58.19,35.03,825,825
محولات - فیض آباد,محولات,No Name-2,610700,3871450,40,58.21,34.98,810,810
محولات - فیض آباد,محولات,No Name-3,613965,3876296,40,58.25,35.02,822,822
محولات - فیض آباد,محولات,اراضی خالصه,662194,3871770,40,58.78,34.98,901,901
محولات - فیض آباد,محولات,اراضی مهنه تپه خاک,667890,3872241,40,58.84,34.98,936,936
محولات - فیض آباد,محولات,برجک خرابه,641409,3865488,40,58.55,34.92,836,836
محولات - فیض آباد,محولات,بین ریگی و قربان آباد,643399,3870127,40,58.57,34.96,847,847
محولات - فیض آباد,محولات,بین فتح آباد فیض آباد,655200,3869500,40,58.7,34.96,879,879
محولات - فیض آباد,محولات,بین میاندهی ویونسی,642084,3858057,40,58.55,34.85,840,840
محولات - فیض آباد,محولات,جاده شمس آباد (1),653743,3874873,40,58.68,35,886,886
محولات - فیض آباد,محولات,جاده شمس آباد (2),646343,3872172,40,58.6,34.98,858,858
محولات - فیض آباد,محولات,جاده کاشمر,654753,3880619,40,58.7,35.06,913,913
محولات - فیض آباد,محولات,جاده گناباد,666318,3864842,40,58.82,34.91,903,903
محولات - فیض آباد,محولات,جنوب جنت آباد,649843,3866603,40,58.64,34.93,860,860
محولات - فیض آباد,محولات,حوض علی اکبر,606404,3870498,40,58.17,34.97,816,816
محولات - فیض آباد,محولات,ده نو - میر ملک,637608,3870722,40,58.51,34.97,829,829
محولات - فیض آباد,محولات,راه چین چین,647204,3876330,40,58.61,35.02,869,869
محولات - فیض آباد,محولات,شرق عبدل آباد,665996,3882732,40,58.82,35.07,991,991
محولات - فیض آباد,محولات,شرق فتح آباد,655091,3864338,40,58.7,34.91,869,869
محولات - فیض آباد,محولات,شرق فتح آباد کنار درختان توت,660185,3866867,40,58.75,34.93,885,885
محولات - فیض آباد,محولات,شمال جنت آباد,649851,3870775,40,58.64,34.97,861,861
محولات - فیض آباد,محولات,شمال شمس آباد,643031,3880088,40,58.57,35.05,862,862
محولات - فیض آباد,محولات,شمال مهنه,669535,3876432,40,58.86,35.02,971,971
محولات - فیض آباد,محولات,شمس آباد,641890,3876417,40,58.56,35.02,850,850
محولات - فیض آباد,محولات,غرب عبدل آباد,659986,3879733,40,58.75,35.05,934,934
محولات - فیض آباد,محولات,غرب فیض آباد,658790,3874489,40,58.74,35,907,907
محولات - فیض آباد,محولات,فیض آباد روبروی توس داشت,664891,3875856,40,58.81,35.01,941,941
محولات - فیض آباد,محولات,مهدی آباد 2,610689,3871392,40,58.21,34.98,811,811
محولات - فیض آباد,محولات,میاندهی,647206,3860682,40,58.61,34.88,843,843
محولات - فیض آباد,محولات,نصر آباد دوغ آباد,672244,3880681,40,58.89,35.05,1022,1022
محولات - فیض آباد,محولات,نو بهار شرق میاندهی,653348,3859460,40,58.68,34.87,854,854
محولات - فیض آباد,محولات,چاه خرما,637604,3878680,40,58.51,35.04,842,842
محولات - فیض آباد,محولات,کنار بند خاکی همت آباد,649917,3879690,40,58.64,35.05,897,897
محولات - فیض آباد,محولات,گندور 1,608387,3876826,40,58.19,35.03,825,825
محولات - فیض آباد,محولات,گندور 2,613972,3876287,40,58.25,35.02,822,822
مشهد - چناران,مشهد,آقارچی,656170,4090497,40,58.75,36.95,1335,1335
مشهد - چناران,مشهد,اخلمد,677278,4062239,40,58.98,36.69,1220,1220
مشهد - چناران,مشهد,اراضی جیم آباد,752913,3999822,40,59.81,36.11,979,979
مشهد - چناران,مشهد,اراضی قاسم آباد,726015,4027410,40,59.52,36.37,1046,1046
مشهد - چناران,مشهد,اراضی قزلکن (شمال غرب سید آباد),672031,4070826,40,58.93,36.77,1169,1169
مشهد - چناران,مشهد,اراضی کنه بیست,751349,4023288,40,59.8,36.32,919,919
مشهد - چناران,مشهد,افصل آباد,676864,4072818,40,58.98,36.78,1167,1167
مشهد - چناران,مشهد,التیمور,742998,4022196,40,59.71,36.31,922,922
مشهد - چناران,مشهد,امرقان فردوسی,730878,4035024,40,59.58,36.43,991,991
مشهد - چناران,مشهد,امرقان هلالی,748390,4025453,40,59.77,36.34,934,934
مشهد - چناران,مشهد,امور آب مشهد,731000,4021710,40,59.57,36.31,1000,1000
مشهد - چناران,مشهد,انبار سیس آباد,737921,4025889,40,59.65,36.35,940,940
مشهد - چناران,مشهد,اول جاده بوفالو,758340,3999334,40,59.87,36.1,983,983
مشهد - چناران,مشهد,بحر آباد,729747,4026916,40,59.56,36.36,1005,1005
مشهد - چناران,مشهد,بلوار تلویزیون,729787,4019166,40,59.56,36.29,1023,1023
مشهد - چناران,مشهد,بلوار جنگل,734537,4014318,40,59.61,36.25,1011,1011
مشهد - چناران,مشهد,بلوار راه آهن,734735,4021641,40,59.61,36.31,982,982
مشهد - چناران,مشهد,بلوارفردوسی,730024,4023054,40,59.56,36.33,1015,1015
مشهد - چناران,مشهد,تخم مرز,727286,4031492,40,59.53,36.4,1007,1007
مشهد - چناران,مشهد,تغذیه مصنوعی شاندیز,713796,4034737,40,59.39,36.43,1162,1162
مشهد - چناران,مشهد,تنگل شور- مرغ پردک,754007,4004877,40,59.82,36.16,947,947
مشهد - چناران,مشهد,جمع آب,690926,4054472,40,59.13,36.62,1200,1200
مشهد - چناران,مشهد,جوی پايين (اكتشافی),706463,4054296,40,59.31,36.61,1075,1075
مشهد - چناران,مشهد,جوی پایین,706463,4054296,40,59.31,36.61,1074,1074
مشهد - چناران,مشهد,جیم آباد,748587,3998378,40,59.76,36.1,1008,1008
مشهد - چناران,مشهد,حاجی آباد,671189,4075603,40,58.92,36.81,1175,1175
مشهد - چناران,مشهد,حسن آبادویرانی,715869,4033747,40,59.41,36.42,1134,1134
مشهد - چناران,مشهد,خرم آباد,685188,4054079,40,59.07,36.61,1215,1215
مشهد - چناران,مشهد,خواجه اباصلت,740202,4007029,40,59.67,36.18,1002,1002
مشهد - چناران,مشهد,خواجه اباصلت -1,739867,4008497,40,59.67,36.19,1000,1000
مشهد - چناران,مشهد,خواجه ربیع,736059,4024922,40,59.63,36.34,967,967
مشهد - چناران,مشهد,خیر آباد,683674,4059588,40,59.06,36.66,1180,1180
مشهد - چناران,مشهد,خین عرب,733658,4028714,40,59.6,36.38,958,958
مشهد - چناران,مشهد,دانشگاه-پارک ملت,727074,4022183,40,59.53,36.32,1035,1035
مشهد - چناران,مشهد,درنگون,701847,4055553,40,59.26,36.62,1093,1093
مشهد - چناران,مشهد,دستگردان 2,747145,4015171,40,59.75,36.25,946,946
مشهد - چناران,مشهد,دوغایی,644316,4088944,40,58.62,36.94,1357,1357
مشهد - چناران,مشهد,ذهاب 1,696433,4056592,40,59.2,36.63,1148,1148
مشهد - چناران,مشهد,ذهاب 2,696597,4056590,40,59.2,36.63,1145,1145
مشهد - چناران,مشهد,رضا آباد شرقی,657811,4084465,40,58.77,36.89,1228,1228
مشهد - چناران,مشهد,ریاض,677200,4078500,40,58.99,36.84,1204,1204
مشهد - چناران,مشهد,ریاض -1,675838,4076776,40,58.97,36.82,1184,1184
مشهد - چناران,مشهد,ساروجه,684615,4064239,40,59.07,36.71,1159,1159
مشهد - چناران,مشهد,سرآسیاب فردوسی,724501,4040476,40,59.51,36.48,1000,1000
مشهد - چناران,مشهد,سنگ سفید,697135,4044157,40,59.2,36.52,1263,1263
مشهد - چناران,مشهد,سهل الدین,719518,4043741,40,59.45,36.51,1014,1014
مشهد - چناران,مشهد,سید آباد,672106,4066289,40,58.93,36.73,1194,1194
مشهد - چناران,مشهد,شاندیز شهرداری,706300,4034500,40,59.3,36.43,1267,1267
مشهد - چناران,مشهد,شایه,736650,4029932,40,59.64,36.39,954,954
مشهد - چناران,مشهد,شفیع,658895,4075308,40,58.78,36.81,1249,1249
مشهد - چناران,مشهد,شورچه,653069,4088436,40,58.72,36.93,1262,1262
مشهد - چناران,مشهد,شیرحصار,713870,4049970,40,59.39,36.57,1070,1070
مشهد - چناران,مشهد,عباس آباد نهرآباد,693522,4065318,40,59.17,36.71,1119,1119
مشهد - چناران,مشهد,عبدل آباد,703410,4045780,40,59.27,36.54,1158,1158
مشهد - چناران,مشهد,عسکریه,714338,4041204,40,59.39,36.49,1074,1074
مشهد - چناران,مشهد,قاسم آباد,722497,4026449,40,59.48,36.36,1101,1101
مشهد - چناران,مشهد,قرقی - آهکی,740960,4029826,40,59.69,36.38,965,965
مشهد - چناران,مشهد,قره تپه,664467,4078956,40,58.84,36.84,1189,1189
مشهد - چناران,مشهد,قره جنگل,709078,4052025,40,59.34,36.59,1070,1070
مشهد - چناران,مشهد,قره جنگل -1,708977,4052306,40,59.34,36.59,1069,1069
مشهد - چناران,مشهد,قره چاه,648701,4082298,40,58.67,36.87,1312,1312
مشهد - چناران,مشهد,قزل حصار,689200,4069550,40,59.12,36.75,1137,1137
مشهد - چناران,مشهد,قزل حصار -1,689487,4069329,40,59.12,36.75,1137,1137
مشهد - چناران,مشهد,قلعه ساختمان,741367,4015704,40,59.69,36.26,959,959
مشهد - چناران,مشهد,قهقه,728419,4033256,40,59.55,36.42,972,972
مشهد - چناران,مشهد,قوزقان,760157,4013467,40,59.89,36.23,873,873
مشهد - چناران,مشهد,قیاس آباد 2,751460,4018642,40,59.8,36.28,895,895
مشهد - چناران,مشهد,مزرعه نمونه,747196,4005311,40,59.75,36.16,967,967
مشهد - چناران,مشهد,مزرعه نمونه - روبروی شهرک رضویه,747460,4010110,40,59.75,36.2,954,954
مشهد - چناران,مشهد,مسکران,727803,4038731,40,59.54,36.47,994,994
مشهد - چناران,مشهد,مسکران -1,727272,4038930,40,59.54,36.47,996,996
مشهد - چناران,مشهد,مغان,682322,4073558,40,59.04,36.79,1176,1176
مشهد - چناران,مشهد,ملی,682324,4066381,40,59.04,36.73,1153,1153
مشهد - چناران,مشهد,مهدی آباد سرآسیاب,724600,4029000,40,59.5,36.38,1049,1049
مشهد - چناران,مشهد,مومن آباد,657277,4080600,40,58.76,36.86,1238,1238
مشهد - چناران,مشهد,موچنان,662261,4083309,40,58.82,36.88,1220,1220
مشهد - چناران,مشهد,نومهن,697174,4062462,40,59.21,36.69,1108,1108
مشهد - چناران,مشهد,هاشم آباد,703714,4040676,40,59.27,36.49,1225,1225
مشهد - چناران,مشهد,پارک شهر,727500,4022400,40,59.53,36.32,1033,1033
مشهد - چناران,مشهد,پشت پمپ بنزین ساغروان,706863,4044159,40,59.31,36.52,1130,1130
مشهد - چناران,مشهد,پی 33,724107,4044477,40,59.5,36.52,1018,1018
مشهد - چناران,مشهد,چحچه,712648,4046209,40,59.38,36.54,1038,1038
مشهد - چناران,مشهد,چحچه -1,712688,4046506,40,59.38,36.54,1045,1045
مشهد - چناران,مشهد,چمگرد,670423,4080924,40,58.91,36.86,1210,1210
مشهد - چناران,مشهد,چنبرغربال,663814,4074895,40,58.84,36.81,1210,1210
مشهد - چناران,مشهد,کبیر,690880,4059982,40,59.14,36.67,1146,1146
مشهد - چناران,مشهد,کلا ته برفی,721370,4035956,40,59.47,36.44,1041,1041
مشهد - چناران,مشهد,کلاته حاج علی,651260,4092966,40,58.7,36.97,1312,1312
مشهد - چناران,مشهد,کلاته شیخ‏ها,696419,4052548,40,59.2,36.6,1172,1172
مشهد - چناران,مشهد,کلاته قاضی,721300,4036200,40,59.47,36.45,1044,1044
مشهد - چناران,مشهد,کلاته نادر,699530,4059552,40,59.23,36.66,1101,1101
مشهد - چناران,مشهد,کلاته نادر -1,699138,4059644,40,59.23,36.66,1105,1105
مشهد - چناران,مشهد,کلاته کریمخان,705232,4050822,40,59.29,36.58,1117,1117
مشهد - چناران,مشهد,کنه بیست,751342,4023278,40,59.8,36.32,919,919
مشهد - چناران,مشهد,کنوگرد,741497,4027982,40,59.69,36.37,953,953
مشهد - چناران,مشهد,کورده,708550,4043850,40,59.33,36.52,1112,1112
مشهد - چناران,مشهد,گراب,738241,4030995,40,59.66,36.39,973,973
مشهد - چناران,مشهد,یکه لنگه,666109,4069607,40,58.86,36.76,1215,1215
نریمانی - میامی,نریمانی,آبروان,766656,3996493,40,59.96,36.08,937,937
نریمانی - میامی,نریمانی,آبروان - P,766555,3992314,40,59.96,36.04,962,962
نریمانی - میامی,نریمانی,اراضی نریمانی,237717,3990484,41,60.09,36.02,891,891
نریمانی - میامی,نریمانی,اول جاده بوفالو,758518,3998866,40,59.87,36.1,983,983
نریمانی - میامی,نریمانی,تقی آباد 1 - شن شویی,758819,3993653,40,59.87,36.05,1008,1008
نریمانی - میامی,نریمانی,تقی آباد 2 - راه آهن,755232,3992876,40,59.83,36.05,1040,1040
نریمانی - میامی,نریمانی,حسن آباد آبروان,232150,3994993,41,60.03,36.06,906,906
نریمانی - میامی,نریمانی,سلیقه,769555,3986140,40,59.99,35.98,978,978
نریمانی - میامی,نریمانی,سلیمانی جدید,231693,3989808,41,60.02,36.02,933,933
نریمانی - میامی,نریمانی,شمال آبروان,768583,3999984,40,59.98,36.11,911,911
نریمانی - میامی,نریمانی,قرقروک,764104,3993521,40,59.93,36.05,966,966
نریمانی - میامی,نریمانی,نریمانی,236323,3984531,41,60.08,35.97,938,938
نریمانی - میامی,نریمانی,چلمه سنگ,230368,3981694,41,60.01,35.94,1005,1005
نیشابور,نیشابور,احمدیه,634175,4016770,40,58.49,36.29,1143,1143
نیشابور,نیشابور,اراضی رحیم آباد,651565,4006864,40,58.69,36.19,1134,1134
نیشابور,نیشابور,اراضی رییسی,645189,3980867,40,58.61,35.96,1167,1167
نیشابور,نیشابور,اراضی سعدآباد,662950,3976570,40,58.81,35.92,1230,1230
نیشابور,نیشابور,اراضی محمد آباد خرابه,642385,4004779,40,58.58,36.18,1104,1104
نیشابور,نیشابور,اراضی نوبهار,693077,3983655,40,59.14,35.98,1241,1241
نیشابور,نیشابور,اراضی چاه مهندس,674354,3978634,40,58.93,35.94,1215,1215
نیشابور,نیشابور,اراضی چهل مرغیان,653698,3986558,40,58.71,36.01,1149,1149
نیشابور,نیشابور,اردمه,638820,3988095,40,58.54,36.03,1119,1119
نیشابور,نیشابور,اقبالیه,641807,4013033,40,58.58,36.25,1140,1140
نیشابور,نیشابور,امان آباد,638473,4018155,40,58.54,36.3,1156,1156
نیشابور,نیشابور,امیر آباد,647297,3990376,40,58.64,36.05,1117,1117
نیشابور,نیشابور,بازوبند,636806,4010007,40,58.52,36.23,1125,1125
نیشابور,نیشابور,بازوبند -2,637402,4009840,40,58.53,36.22,1123,1123
نیشابور,نیشابور,باغشن گچ,655216,4019876,40,58.73,36.31,1271,1271
نیشابور,نیشابور,باقریه,665361,3986253,40,58.83,36.01,1168,1168
نیشابور,نیشابور,بعد از دکل 79,669713,3980876,40,58.88,35.96,1197,1197
نیشابور,نیشابور,بعد از رستوران بینالود,638347,3999519,40,58.54,36.13,1100,1100
نیشابور,نیشابور,بین سالاری و باقریه,664919,3982144,40,58.83,35.97,1189,1189
نیشابور,نیشابور,تقی آباد,643896,4019901,40,58.6,36.31,1202,1202
نیشابور,نیشابور,جغراتی,650398,4001939,40,58.67,36.15,1115,1115
نیشابور,نیشابور,جنوب حسین آباد جنگل,626109,3984753,40,58.4,36,1097,1097
نیشابور,نیشابور,جنوب شهرآباد,633835,3982805,40,58.48,35.98,1155,1155
نیشابور,نیشابور,جنوب غرب نورآباد,665225,4000564,40,58.84,36.14,1161,1161
نیشابور,نیشابور,جنوب مسک آباد,670700,3964875,40,58.89,35.81,1340,1340
نیشابور,نیشابور,دستجرد,678360,3993952,40,58.98,36.07,1220,1220
نیشابور,نیشابور,ده شیب,671493,3994782,40,58.9,36.08,1174,1174
نیشابور,نیشابور,ده ملا,701000,3982000,40,59.23,35.96,1295,1295
نیشابور,نیشابور,دهنو شاه بخش,663790,3965850,40,58.81,35.82,1337,1337
نیشابور,نیشابور,راه باغرود,666597,4011836,40,58.85,36.24,1264,1264
نیشابور,نیشابور,راه درخت سنجد,656108,3974408,40,58.73,35.9,1245,1245
نیشابور,نیشابور,راه سلطان آباد نمک,706012,3978893,40,59.28,35.93,1315,1315
نیشابور,نیشابور,راه عصمت آباد,690015,3992174,40,59.11,36.06,1279,1279
نیشابور,نیشابور,زرین دشت,626494,4022875,40,58.41,36.34,1185,1185
نیشابور,نیشابور,سالاریه,632825,4004255,40,58.48,36.17,1165,1165
نیشابور,نیشابور,سید آباد,650297,4015328,40,58.67,36.27,1166,1166
نیشابور,نیشابور,شرکت اس دی ام,700210,3983572,40,59.22,35.98,1321,1321
نیشابور,نیشابور,شمال حسین آباد جنگل کنار کال,622301,3990049,40,58.36,36.05,1063,1063
نیشابور,نیشابور,شمال نیروگاه,659816,4018966,40,58.78,36.3,1305,1305
نیشابور,نیشابور,صالح آباد,658542,4005268,40,58.76,36.18,1157,1157
نیشابور,نیشابور,صدر آباد,661958,3995810,40,58.8,36.09,1126,1126
نیشابور,نیشابور,صمان,617408,4023147,40,58.31,36.35,1296,1296
نیشابور,نیشابور,غرب سلطان آباد نمک,703640,3975390,40,59.26,35.9,1324,1324
نیشابور,نیشابور,فیلخانه,667421,4004670,40,58.86,36.17,1202,1202
نیشابور,نیشابور,قبرستان سالاری,667896,3972006,40,58.86,35.88,1273,1273
نیشابور,نیشابور,قلعه آقا حسن,647035,4013430,40,58.64,36.25,1143,1143
نیشابور,نیشابور,لبه کال تنگل خشک,690415,3972094,40,59.11,35.87,1305,1305
نیشابور,نیشابور,مظفر آباد,673284,3985191,40,58.92,36,1169,1169
نیشابور,نیشابور,نوآباد,633044,3994044,40,58.48,36.08,1095,1095
نیشابور,نیشابور,هشت کیلومتری شهرک,659037,3980788,40,58.76,35.96,1191,1191
نیشابور,نیشابور,پشت خاکریز,698155,3976098,40,59.2,35.91,1287,1287
نیشابور,نیشابور,چاه قرق,685703,3978145,40,59.06,35.93,1205,1205
نیشابور,نیشابور,کاظم آباد اردوغش,675252,3999354,40,58.95,36.12,1223,1223
نیشابور,نیشابور,کلاته حسن,651420,3977578,40,58.68,35.93,1197,1197
نیشابور,نیشابور,کلاته قنبر,682320,3986294,40,59.02,36,1186,1186
نیشابور,نیشابور,کنار جاده مشهد - نیشابور,682789,3999051,40,59.03,36.12,1291,1291
نیشابور,نیشابور,کنار شهر نیشابور - جنوب سه چوب,658085,4011220,40,58.76,36.23,1194,1194
نیشابور,نیشابور,کنار کال شور,651992,3995064,40,58.69,36.09,1105,1105
نیشابور,نیشابور,کوشکک راه شهرک,659256,3989100,40,58.77,36.03,1152,1152
نیشابور,نیشابور,گرماب,627954,4017437,40,58.42,36.29,1208,1208
کاشمر,سعدالدین,جعفر آباد,600482,3869633,40,58.1,34.96,816,816
کاشمر,سعدالدین,جنوب جعفرآباد,596194,3872274,40,58.05,34.99,813,813
کاشمر,سعدالدین,حوض علی اکبر,604131,3870523,40,58.14,34.97,818,818
کاشمر,سعدالدین,سعدالدین 1,598915,3876384,40,58.08,35.03,829,829
کاشمر,سعدالدین,سعدالدین 2,603003,3873914,40,58.13,35,829,829
کاشمر,سعدالدین,شوراب,594426,3875922,40,58.04,35.02,831,831
کاشمر,سعدالدین,مهدی آباد 1,603088,3878315,40,58.13,35.04,842,842
کاشمر,کاشمر,ارغا,611882,3898073,40,58.23,35.22,962,962
کاشمر,کاشمر,امام زاده محمد,629156,3901006,40,58.42,35.24,1034,1034
کاشمر,کاشمر,تکمار,608926,3896058,40,58.2,35.2,956,956
کاشمر,کاشمر,جردوی,645733,3898407,40,58.6,35.22,1110,1110
کاشمر,کاشمر,جنوب فدافن - فروتقه,636254,3897907,40,58.5,35.21,1054,1054
کاشمر,کاشمر,جنوب کهه,606441,3886882,40,58.17,35.12,900,900
کاشمر,کاشمر,خلیل آباد,618581,3904396,40,58.3,35.28,1011,1011
کاشمر,کاشمر,رزق آباد,639788,3899849,40,58.54,35.23,1074,1074
کاشمر,کاشمر,سرحوضک,624340,3904466,40,58.37,35.28,1021,1021
کاشمر,کاشمر,سید مرتضی,633633,3903767,40,58.47,35.27,1102,1102
کاشمر,کاشمر,شرق ایرج آباد,608217,3903053,40,58.19,35.26,1018,1018
کاشمر,کاشمر,شمال کهه,607711,3892227,40,58.18,35.17,944,944
کاشمر,کاشمر,عشرت آباد,626050,3895282,40,58.38,35.19,1009,1009
کاشمر,کاشمر,کلاته بختیاری,641575,3901635,40,58.56,35.25,1112,1112
کاشمر,کاشمر,کلاته رحیم,613139,3889816,40,58.24,35.14,925,925
کاشمر,کاشمر,کلاته شادی,618663,3898121,40,58.3,35.22,965,965
کاشمر,کاشمر,کلاته شور,618987,3893190,40,58.31,35.17,955,955
کرات,کرات,ارگ هشتادون,301106,3829872,41,60.83,34.59,826,826
کرات,کرات,بین میل کج ودربند,294938,3832746,41,60.76,34.62,847,847
کرات,کرات,جنوب احمددرویش,292696,3827230,41,60.74,34.57,861,861
کرات,کرات,دشت کرات,284512,3827710,41,60.65,34.57,962,962
کرات,کرات,فرزنه,285604,3822143,41,60.66,34.52,974,974
کرات,کرات,پاسگاه میل کج,292915,3823449,41,60.74,34.53,865,865
کرات,کرات,پاسگاه میل کج - 2,292950,3823200,41,60.74,34.53,866,866
کرات,کرات,پنج چاهی,292037,3819026,41,60.74,34.49,890,890
کرات,کرات,کال کاریچه,284300,3834800,41,60.65,34.63,927,927
کرات,کرات,کرات کیلومتر 4,280125,3830743,41,60.6,34.59,1004,1004
کلات نادری,كلات نادري,شیلگان,710749,4151573,40,59.38,37.49,242,242
کلات نادری,كلات نادري,مزار شهدا لطف آباد,707420,4154106,40,59.35,37.51,242,242
کلات نادری,كلات نادري,مزار شهدا لطف آباد (اکتشافی),707419,4154111,40,59.35,37.51,242,242
کلات نادری,كلات نادري,پاسگاه نادر,707861,4156081,40,59.35,37.53,233,233
گناباد,گناباد,بهاباد 1,658770,3798230,40,58.73,34.31,1129,1129
گناباد,گناباد,بهاباد 2,656303,3794900,40,58.7,34.28,1174,1174
گناباد,گناباد,جاده بجستان,640750,3806650,40,58.53,34.39,1200,1200
گناباد,گناباد,جاده بجستان - حکمت,647700,3806225,40,58.61,34.39,1123,1123
گناباد,گناباد,جاده تربت,652828,3807960,40,58.66,34.4,1071,1071
گناباد,گناباد,جاده کاخک,651480,3790880,40,58.65,34.25,1278,1278
گناباد,گناباد,جنوب غربی رهن,649855,3798643,40,58.63,34.32,1167,1167
گناباد,گناباد,راه شیراز آباد,646060,3796850,40,58.59,34.3,1237,1237
گناباد,گناباد,راه کلاته میان 1,666093,3797456,40,58.8,34.31,1088,1088
گناباد,گناباد,راه کلاته میان 2,671375,3796200,40,58.86,34.29,1096,1096
گناباد,گناباد,ریاب,647858,3801341,40,58.61,34.34,1156,1156
گناباد,گناباد,شرق نوده,660646,3804096,40,58.75,34.37,1061,1061
گناباد,گناباد,شوراب 2,671154,3803150,40,58.86,34.36,996,996
گناباد,گناباد,نجم آباد,665350,3790771,40,58.8,34.24,1181,1181
گناباد,گناباد,پشت ترمینال مسافربری,654200,3802600,40,58.68,34.35,1100,1100
گناباد,گناباد,چاهک,640510,3806200,40,58.53,34.39,1207,1207
گیسور,گیسور جنوبی,اکتشافی چاه گچی,735543,3791777,40,59.56,34.24,885,885
گیسور,گیسور جنوبی,بــــاغ بخشی,731594,3817000,40,59.52,34.47,854,854
گیسور,گیسور جنوبی,جاده رحمت آباد,712501,3786751,40,59.31,34.2,961,961
گیسور,گیسور جنوبی,جنوب غرب چاه مسیله,715221,3789611,40,59.34,34.23,916,916
گیسور,گیسور جنوبی,جنوب غربی چاه مسیله,718471,3786610,40,59.37,34.2,937,937
گیسور,گیسور جنوبی,جنگل - راه گیسور به چاه مسیله,720080,3794366,40,59.39,34.27,869,869
گیسور,گیسور جنوبی,راه قطار گز,731776,3798063,40,59.52,34.3,863,863
گیسور,گیسور جنوبی,راه چاه مسیله به چاه گچی,727892,3790138,40,59.47,34.23,871,871
گیسور,گیسور جنوبی,راه چاه میقونی,703833,3789086,40,59.21,34.22,1005,1005
گیسور,گیسور جنوبی,زیر جاده مهاباد به باغ یخشی,727659,3810746,40,59.48,34.41,845,845
گیسور,گیسور جنوبی,شرق چاه مسیله,725750,3795771,40,59.45,34.28,852,852
گیسور,گیسور جنوبی,شمال راه خشت,735895,3786586,40,59.56,34.19,871,871
گیسور,گیسور جنوبی,شمال شرقی گیسور,713251,3796941,40,59.32,34.29,886,886
گیسور,گیسور جنوبی,قطار گز - از قطار گز به کویر,728549,3802513,40,59.48,34.34,849,849
گیسور,گیسور جنوبی,مهاباد,732307,3810084,40,59.53,34.41,877,877
گیسور,گیسور جنوبی,نرسیده به چاه مسیله,721160,3791205,40,59.4,34.24,883,883
گیسور,گیسور جنوبی,چاه گچی - اول راه قطار گز,734989,3792608,40,59.55,34.25,882,882
گیسور,گیسور جنوبی,کنار مادر چاه قنات گیسور,701970,3793689,40,59.19,34.26,967,967
گیسور,گیسور جنوبی,کنار گورستان گیسور,709045,3793815,40,59.27,34.26,923,923
گیسور,گیسور شمالی,بین چاه بهرامی و کارخانه,710731,3838455,40,59.3,34.67,903,903
گیسور,گیسور شمالی,حوض آجری,713921,3834350,40,59.33,34.63,883,883
گیسور,گیسور شمالی,حوض کرم,717245,3832492,40,59.37,34.61,877,877
گیسور,گیسور شمالی,شرق روستای آهنگران,708169,3828190,40,59.27,34.57,875,875
گیسور,گیسور شمالی,شرق کوده,708756,3834963,40,59.28,34.64,892,892
گیسور,گیسور شمالی,شماره چهار جنگل,715684,3844701,40,59.36,34.72,928,928
گیسور,گیسور شمالی,کنار راه حوض کرم,716385,3836475,40,59.36,34.65,893,893
گیسور,گیسور شمالی,کهنه عامر,711974,3829348,40,59.31,34.58,880,880
ینگجه,ینگجه,امام‏زاده سید مصطفی,631103,4070777,40,58.47,36.77,1541,1541
ینگجه,ینگجه,بینالود - چاه شماره دو,633111,4065813,40,58.49,36.73,1554,1554
ینگجه,ینگجه,سلطان میدان,627640,4067321,40,58.43,36.74,1503,1503
